chain,residue_number,residue,component,atom_count,total_charge_e,mean_charge_e,mean_force_kJ_mol_nm,max_force_kJ_mol_nm
A,1,MET,mhc,19,1.0,0.05263157894736842,50.77859450126158,229.25004327773408
A,2,ILE,mhc,19,-6.938893903907228e-18,-3.6520494231090674e-19,46.911645675311355,229.34119762521405
A,3,LEU,mhc,19,8.326672684688674e-17,4.382459307730881e-18,31.31591726484187,82.4732539359163
A,4,ASN,mhc,14,0.0,0.0,78.33891620333522,343.7354828003866
A,5,LYS,mhc,22,1.0,0.045454545454545456,118.71068963199262,353.03642469027886
A,6,ALA,mhc,10,6.245004513516506e-17,6.245004513516506e-18,40.80379810584258,64.98876443857255
A,7,LEU,mhc,19,8.326672684688674e-17,4.382459307730881e-18,40.44416420570308,145.13970938848468
A,8,MET,mhc,17,1.1102230246251565e-16,6.530723674265627e-18,39.27834841202707,114.77852412922964
A,9,LEU,mhc,19,8.326672684688674e-17,4.382459307730881e-18,43.41521481171011,184.9788117316224
A,10,GLY,mhc,7,5.551115123125783e-17,7.93016446160826e-18,30.288362373304853,72.19819816422488
A,11,THR,mhc,14,5.551115123125783e-17,3.96508223080413e-18,165.69768076159514,846.0311365511956
A,12,LEU,mhc,19,8.326672684688674e-17,4.382459307730881e-18,44.83827867189721,226.10638552264825
A,13,ALA,mhc,10,6.245004513516506e-17,6.245004513516506e-18,46.56979650234079,84.96307376179733
A,14,LEU,mhc,19,8.326672684688674e-17,4.382459307730881e-18,42.75677946555222,132.11164089715686
A,15,THR,mhc,14,5.551115123125783e-17,3.96508223080413e-18,182.3265619960676,1079.7916315117272
A,16,THR,mhc,14,5.551115123125783e-17,3.96508223080413e-18,70.94113559135697,296.59663928034416
A,17,VAL,mhc,16,1.249000902703301e-16,7.806255641895632e-18,62.18791705144068,257.49238505241095
A,18,MET,mhc,17,1.1102230246251565e-16,6.530723674265627e-18,50.528940631937104,141.7658031641487
A,19,SER,mhc,11,1.1102230246251565e-16,1.0092936587501423e-17,126.37673540872451,400.9428998495635
A,20,PRO,mhc,14,-6.938893903907228e-18,-4.956352788505163e-19,38.17969427592037,62.00866911205442
A,21,CYS,mhc,11,2.7755575615628914e-17,2.523234146875356e-18,180.04987777384042,436.3343676392613
A,22,GLY,mhc,7,5.551115123125783e-17,7.93016446160826e-18,30.441092796080316,55.34672402595071
A,23,GLY,mhc,7,5.551115123125783e-17,7.93016446160826e-18,41.77843247053289,83.77503932516417
A,24,GLU,mhc,15,-1.0,-0.06666666666666667,81.97484642813643,244.62958465582457
A,25,ASP,mhc,12,-0.9999999999999999,-0.08333333333333333,171.93096033381883,623.7649702322576
A,26,ILE,mhc,19,-6.938893903907228e-18,-3.6520494231090674e-19,30.02813344399107,72.75957610519819
A,27,VAL,mhc,16,1.249000902703301e-16,7.806255641895632e-18,31.96216841337312,87.66266093278094
A,28,ALA,mhc,10,6.245004513516506e-17,6.245004513516506e-18,53.2330472846143,107.35397402511398
A,29,ASP,mhc,12,-0.9999999999999999,-0.08333333333333333,71.15052382561124,246.87898604136183
A,30,HIS,mhc,18,1.0,0.05555555555555555,246.75870976650165,870.3595289481294
A,31,VAL,mhc,16,1.249000902703301e-16,7.806255641895632e-18,83.22289798308718,478.5509298637456
A,32,ALA,mhc,10,6.245004513516506e-17,6.245004513516506e-18,86.8493374850743,211.74791977204623
A,33,SER,mhc,11,1.1102230246251565e-16,1.0092936587501423e-17,196.6196941294668,691.5596738887957
A,34,TYR,mhc,21,5.551115123125783e-17,2.64338815386942e-18,58.16733420134692,160.18455486105378
A,35,GLY,mhc,7,5.551115123125783e-17,7.93016446160826e-18,47.72729979429065,117.91340597338504
A,36,VAL,mhc,16,1.249000902703301e-16,7.806255641895632e-18,44.14848742037645,114.12467382521294
A,37,ASN,mhc,14,0.0,0.0,120.72903586245691,331.2730643583968
A,38,LEU,mhc,19,8.326672684688674e-17,4.382459307730881e-18,61.32636049462727,253.75880322585763
A,39,TYR,mhc,21,5.551115123125783e-17,2.64338815386942e-18,126.08201916577669,787.7389967531406
A,40,GLN,mhc,17,1.1102230246251565e-16,6.530723674265627e-18,85.12190999471453,296.0172055459939
A,41,SER,mhc,11,1.1102230246251565e-16,1.0092936587501423e-17,145.57339839731762,470.7673115050246
A,42,TYR,mhc,21,5.551115123125783e-17,2.64338815386942e-18,58.383921732735274,127.59281017537016
A,43,GLY,mhc,7,5.551115123125783e-17,7.93016446160826e-18,50.856083737788936,118.570612231577
A,44,PRO,mhc,14,-6.938893903907228e-18,-4.956352788505163e-19,32.049127025376926,74.87655870504882
A,45,SER,mhc,11,1.1102230246251565e-16,1.0092936587501423e-17,156.33496141491932,653.3543741051744
A,46,GLY,mhc,7,5.551115123125783e-17,7.93016446160826e-18,53.33396461981206,125.32031492831938
A,47,GLN,mhc,17,1.1102230246251565e-16,6.530723674265627e-18,123.83019202248676,496.4139053589428
A,48,TYR,mhc,21,5.551115123125783e-17,2.64338815386942e-18,163.7713981288407,1199.447792576706
A,49,THR,mhc,14,5.551115123125783e-17,3.96508223080413e-18,114.57583098375936,323.0431326946622
A,50,HIS,mhc,17,-2.7755575615628914e-17,-1.6326809185664067e-18,123.60375698854314,436.4032026848717
A,51,GLU,mhc,16,1.6653345369377348e-16,1.0408340855860843e-17,123.51474106404186,608.1435211688021
A,52,PHE,mhc,20,8.326672684688674e-17,4.163336342344337e-18,68.25229561339133,258.12624474528826
A,53,ASP,mhc,12,-0.9999999999999999,-0.08333333333333333,76.27518751515522,302.96854848052857
A,54,GLY,mhc,7,5.551115123125783e-17,7.93016446160826e-18,35.88042696467464,54.62409344822394
A,55,ASP,mhc,13,1.1102230246251565e-16,8.540177112501205e-18,64.19151428504561,256.8461888867751
A,56,GLU,mhc,16,1.6653345369377348e-16,1.0408340855860843e-17,137.71372594664584,824.8088651122018
A,57,GLN,mhc,17,1.1102230246251565e-16,6.530723674265627e-18,74.67953372739503,235.9295990648131
A,58,PHE,mhc,20,8.326672684688674e-17,4.163336342344337e-18,47.44929313449428,99.55568471046736
A,59,TYR,mhc,21,5.551115123125783e-17,2.64338815386942e-18,63.62356932481358,249.16974305632073
A,60,VAL,mhc,16,1.249000902703301e-16,7.806255641895632e-18,32.46636931334238,70.14472353005068
A,61,ASP,mhc,12,-0.9999999999999999,-0.08333333333333333,67.54425566041195,237.84640419180496
A,62,LEU,mhc,19,8.326672684688674e-17,4.382459307730881e-18,26.697335779669174,55.85324922564003
A,63,GLY,mhc,7,5.551115123125783e-17,7.93016446160826e-18,98.84587627064037,298.99231830359514
A,64,ARG,mhc,24,0.9999999999999999,0.041666666666666664,171.2786596485539,862.646376065424
A,65,LYS,mhc,22,1.0,0.045454545454545456,96.19551926842506,334.3915516326488
A,66,GLU,mhc,15,-1.0,-0.06666666666666667,60.547200251731944,255.34299119281428
A,67,THR,mhc,14,5.551115123125783e-17,3.96508223080413e-18,116.84333824208491,502.8412293526571
A,68,VAL,mhc,16,1.249000902703301e-16,7.806255641895632e-18,59.264059123301635,276.9266102223695
A,69,TRP,mhc,24,8.326672684688674e-17,3.469446951953614e-18,86.81397104325458,346.3126712369695
A,70,CYS,mhc,11,2.7755575615628914e-17,2.523234146875356e-18,63.019205276890396,157.18421109838752
A,71,LEU,mhc,19,8.326672684688674e-17,4.382459307730881e-18,28.99536808464424,120.85277361755244
A,72,PRO,mhc,14,-6.938893903907228e-18,-4.956352788505163e-19,36.33020116442063,72.02801557656234
A,73,VAL,mhc,16,1.249000902703301e-16,7.806255641895632e-18,40.77841186468705,98.9328988746036
A,74,LEU,mhc,19,8.326672684688674e-17,4.382459307730881e-18,32.72264731649719,67.9018110453912
A,75,ARG,mhc,24,0.9999999999999999,0.041666666666666664,87.19365114269097,353.014883985287
A,76,GLN,mhc,17,1.1102230246251565e-16,6.530723674265627e-18,105.52898900673415,497.804697343478
A,77,PHE,mhc,20,8.326672684688674e-17,4.163336342344337e-18,66.85880021828447,188.91024311426355
A,78,ARG,mhc,24,0.9999999999999999,0.041666666666666664,73.8405503750206,187.59351823844275
A,79,PHE,mhc,20,8.326672684688674e-17,4.163336342344337e-18,76.73452537571704,138.3023595621436
A,80,ASP,mhc,12,-0.9999999999999999,-0.08333333333333333,107.4519024563591,250.0343352991681
A,81,PRO,mhc,14,-6.938893903907228e-18,-4.956352788505163e-19,51.291077377210016,110.20138581877411
A,82,GLN,mhc,17,1.1102230246251565e-16,6.530723674265627e-18,124.19791738239556,492.5234825220043
A,83,PHE,mhc,20,8.326672684688674e-17,4.163336342344337e-18,67.25856305170767,194.34973745462904
A,84,ALA,mhc,10,6.245004513516506e-17,6.245004513516506e-18,33.33169277608135,69.66658966756042
A,85,LEU,mhc,19,8.326672684688674e-17,4.382459307730881e-18,44.82729419128797,148.62573076253577
A,86,THR,mhc,14,5.551115123125783e-17,3.96508223080413e-18,124.88340971506133,638.8117091876687
A,87,ASN,mhc,14,0.0,0.0,107.22585822896089,377.2865669579112
A,88,ILE,mhc,19,-6.938893903907228e-18,-3.6520494231090674e-19,60.89828607140096,225.67303646029023
A,89,ALA,mhc,10,6.245004513516506e-17,6.245004513516506e-18,63.10495504791112,231.8948878732339
A,90,VAL,mhc,16,1.249000902703301e-16,7.806255641895632e-18,78.85260746252115,279.9306140624803
A,91,LEU,mhc,19,8.326672684688674e-17,4.382459307730881e-18,78.44835298536644,264.9971304852367
A,92,LYS,mhc,22,1.0,0.045454545454545456,117.39021660575504,387.03104274949754
A,93,HIS,mhc,18,1.0,0.05555555555555555,212.0515484583084,670.4159839520312
A,94,ASN,mhc,14,0.0,0.0,85.44179819223287,276.94005845198575
A,95,LEU,mhc,19,8.326672684688674e-17,4.382459307730881e-18,54.05341312854347,166.594711053312
A,96,ASN,mhc,14,0.0,0.0,77.75374455770235,253.7339373230221
A,97,SER,mhc,11,1.1102230246251565e-16,1.0092936587501423e-17,125.95370286502808,530.7604011072067
A,98,LEU,mhc,19,8.326672684688674e-17,4.382459307730881e-18,51.582069978874834,188.33519180985087
A,99,ILE,mhc,19,-6.938893903907228e-18,-3.6520494231090674e-19,66.57193548241534,201.6641988002559
A,100,LYS,mhc,22,1.0,0.045454545454545456,120.95841407575678,551.694818608276
A,101,ARG,mhc,24,0.9999999999999999,0.041666666666666664,74.56935508047445,224.06175060582743
A,102,SER,mhc,11,1.1102230246251565e-16,1.0092936587501423e-17,139.54594664170466,562.2995522627548
A,103,ASN,mhc,14,0.0,0.0,44.934629352718595,140.82407814379303
A,104,SER,mhc,11,1.1102230246251565e-16,1.0092936587501423e-17,130.2888286572739,588.8787174032292
A,105,THR,mhc,14,5.551115123125783e-17,3.96508223080413e-18,146.18508490771825,796.7748416688837
A,106,ALA,mhc,10,6.245004513516506e-17,6.245004513516506e-18,34.08861139754123,52.435102638903366
A,107,ALA,mhc,10,6.245004513516506e-17,6.245004513516506e-18,72.47350907660571,215.3444644883891
A,108,THR,mhc,14,5.551115123125783e-17,3.96508223080413e-18,160.98179196417,790.0039771873961
A,109,ASN,mhc,14,-5.551115123125783e-17,-3.96508223080413e-18,70.4388358165815,288.4341076719568
A,110,GLU,mhc,15,-1.0,-0.06666666666666667,63.23004347510958,180.8666597927538
A,111,VAL,mhc,16,1.249000902703301e-16,7.806255641895632e-18,35.47480091274327,58.057734940791896
A,112,PRO,mhc,14,-6.938893903907228e-18,-4.956352788505163e-19,49.87842178876919,112.01950994480798
A,113,GLU,mhc,16,1.6653345369377348e-16,1.0408340855860843e-17,75.17327174283727,251.66672450046835
A,114,VAL,mhc,16,1.249000902703301e-16,7.806255641895632e-18,40.484887179608855,113.43786523898476
A,115,THR,mhc,14,5.551115123125783e-17,3.96508223080413e-18,119.03465241472682,369.4404606587363
A,116,VAL,mhc,16,1.249000902703301e-16,7.806255641895632e-18,30.85897730623619,113.98156850508848
A,117,PHE,mhc,20,8.326672684688674e-17,4.163336342344337e-18,49.6493705442403,226.06327697952077
A,118,SER,mhc,11,1.1102230246251565e-16,1.0092936587501423e-17,127.64054352781919,527.4693319078087
A,119,LYS,mhc,22,1.0,0.045454545454545456,125.60923893252931,512.0234755636998
A,120,SER,mhc,11,1.1102230246251565e-16,1.0092936587501423e-17,64.40334789724706,173.41794824829736
A,121,PRO,mhc,14,-6.938893903907228e-18,-4.956352788505163e-19,34.48241339188446,75.25404024005546
A,122,VAL,mhc,16,1.249000902703301e-16,7.806255641895632e-18,20.333260820347828,65.06150080633812
A,123,THR,mhc,14,5.551115123125783e-17,3.96508223080413e-18,134.76040038185343,767.0664084666874
A,124,LEU,mhc,19,8.326672684688674e-17,4.382459307730881e-18,40.95207796069438,121.75831926520752
A,125,GLY,mhc,7,5.551115123125783e-17,7.93016446160826e-18,77.6620816346978,201.65888524788625
A,126,GLN,mhc,17,1.1102230246251565e-16,6.530723674265627e-18,76.1726812549926,227.67087213865904
A,127,PRO,mhc,14,-6.938893903907228e-18,-4.956352788505163e-19,28.106782397945242,51.560997245629046
A,128,ASN,mhc,14,0.0,0.0,97.08100775963786,274.4005421397652
A,129,ILE,mhc,19,-6.938893903907228e-18,-3.6520494231090674e-19,48.453022921369886,217.91367266895244
A,130,LEU,mhc,19,8.326672684688674e-17,4.382459307730881e-18,51.209496995531566,191.06575449582755
A,131,ILE,mhc,19,-6.938893903907228e-18,-3.6520494231090674e-19,64.52918002607721,214.69058778573336
A,132,CYS,mhc,10,5.551115123125783e-17,5.551115123125783e-18,53.27922690097417,188.9025926104113
A,133,LEU,mhc,19,8.326672684688674e-17,4.382459307730881e-18,46.59932130045405,229.72205566781344
A,134,VAL,mhc,16,1.249000902703301e-16,7.806255641895632e-18,54.05316790814673,209.5848918308793
A,135,ASP,mhc,12,-0.9999999999999999,-0.08333333333333333,69.06129839021655,237.55281776096248
A,136,ASN,mhc,14,0.0,0.0,122.27367896881512,527.1750669932045
A,137,ILE,mhc,19,-6.938893903907228e-18,-3.6520494231090674e-19,51.99306611641876,134.28927729211566
A,138,PHE,mhc,20,8.326672684688674e-17,4.163336342344337e-18,42.283169339200825,114.82540231191496
A,139,PRO,mhc,14,-6.938893903907228e-18,-4.956352788505163e-19,31.64488072272861,74.71375649630107
A,140,PRO,mhc,14,-6.938893903907228e-18,-4.956352788505163e-19,38.367487619253076,88.27256537234912
A,141,VAL,mhc,16,1.249000902703301e-16,7.806255641895632e-18,44.970175818200275,202.47909397174624
A,142,VAL,mhc,16,1.249000902703301e-16,7.806255641895632e-18,50.09958654292463,129.8495099808034
A,143,ASN,mhc,14,0.0,0.0,199.25868536193943,787.8304313038279
A,144,ILE,mhc,19,-6.938893903907228e-18,-3.6520494231090674e-19,36.74127401623727,127.93122326761552
A,145,THR,mhc,14,5.551115123125783e-17,3.96508223080413e-18,92.56425989089898,267.2020670850922
A,146,TRP,mhc,24,8.326672684688674e-17,3.469446951953614e-18,68.49070706156012,336.5325534746997
A,147,LEU,mhc,19,8.326672684688674e-17,4.382459307730881e-18,80.8204966981455,295.18004272849777
A,148,SER,mhc,11,1.1102230246251565e-16,1.0092936587501423e-17,175.27308256304525,601.4671495300954
A,149,ASN,mhc,14,0.0,0.0,96.94452906247535,285.6718713968877
A,150,GLY,mhc,7,5.551115123125783e-17,7.93016446160826e-18,28.036615694955916,56.410312685385854
A,151,HIS,mhc,18,1.0,0.05555555555555555,194.33625258690324,463.92457195456126
A,152,SER,mhc,11,1.1102230246251565e-16,1.0092936587501423e-17,130.84314525090048,338.5327759070354
A,153,VAL,mhc,16,1.249000902703301e-16,7.806255641895632e-18,48.68735894199809,184.95929356847796
A,154,THR,mhc,14,5.551115123125783e-17,3.96508223080413e-18,143.17066217056114,750.410383341023
A,155,GLU,mhc,15,-1.0,-0.06666666666666667,39.42923335262949,109.49268981254149
A,156,GLY,mhc,7,5.551115123125783e-17,7.93016446160826e-18,24.211807756341468,43.27978146217699
A,157,VAL,mhc,16,1.249000902703301e-16,7.806255641895632e-18,41.22669094939558,93.54187811392364
A,158,SER,mhc,11,1.1102230246251565e-16,1.0092936587501423e-17,91.47991619752926,295.5452467843619
A,159,GLU,mhc,15,-1.0,-0.06666666666666667,53.594484338155674,133.5904327314863
A,160,THR,mhc,14,5.551115123125783e-17,3.96508223080413e-18,147.96194479742735,628.3090064620083
A,161,SER,mhc,11,1.1102230246251565e-16,1.0092936587501423e-17,281.8744158824502,1292.1605932083717
A,162,PHE,mhc,20,8.326672684688674e-17,4.163336342344337e-18,52.65579687135728,243.4722758246585
A,163,LEU,mhc,19,8.326672684688674e-17,4.382459307730881e-18,52.34152547741489,245.33069613146463
A,164,SER,mhc,11,1.1102230246251565e-16,1.0092936587501423e-17,95.92455975598573,401.2311594963883
A,165,LYS,mhc,22,1.0,0.045454545454545456,133.31252156861558,610.3444247645609
A,166,SER,mhc,11,1.1102230246251565e-16,1.0092936587501423e-17,220.34342838015147,1092.3368101932003
A,167,ASP,mhc,12,-0.9999999999999999,-0.08333333333333333,118.79863365682554,486.97507261200224
A,168,HIS,mhc,17,2.7755575615628914e-17,1.6326809185664067e-18,95.49950669713874,381.75972305469065
A,169,SER,mhc,11,1.1102230246251565e-16,1.0092936587501423e-17,155.8350144166015,739.4655453325523
A,170,PHE,mhc,20,8.326672684688674e-17,4.163336342344337e-18,44.39595755917129,210.8547945758356
A,171,PHE,mhc,20,8.326672684688674e-17,4.163336342344337e-18,56.60309619772575,236.8780948748698
A,172,LYS,mhc,22,1.0,0.045454545454545456,158.58189464713067,839.1787644136076
A,173,ILE,mhc,19,-6.938893903907228e-18,-3.6520494231090674e-19,40.09401883099381,176.09630343351043
A,174,SER,mhc,11,1.1102230246251565e-16,1.0092936587501423e-17,204.53228252678272,650.0673101116371
A,175,TYR,mhc,21,5.551115123125783e-17,2.64338815386942e-18,93.40251834290616,563.3253729217687
A,176,LEU,mhc,19,8.326672684688674e-17,4.382459307730881e-18,51.67394950903133,281.1708208760277
A,177,THR,mhc,14,5.551115123125783e-17,3.96508223080413e-18,109.30371700507851,406.8026037030508
A,178,LEU,mhc,19,8.326672684688674e-17,4.382459307730881e-18,58.75630292929128,210.592484977362
A,179,LEU,mhc,19,8.326672684688674e-17,4.382459307730881e-18,49.628721484123865,205.7944284867181
A,180,PRO,mhc,14,-6.938893903907228e-18,-4.956352788505163e-19,22.28372479741062,44.085804314090026
A,181,SER,mhc,11,1.1102230246251565e-16,1.0092936587501423e-17,284.0779745647467,1440.4942410518252
A,182,ALA,mhc,10,6.245004513516506e-17,6.245004513516506e-18,25.66495421493899,71.11441443957719
A,183,GLU,mhc,15,-1.0,-0.06666666666666667,48.36933516510098,132.08619262360145
A,184,GLU,mhc,15,-1.0,-0.06666666666666667,55.53652161262811,133.49201371068597
A,185,SER,mhc,11,1.1102230246251565e-16,1.0092936587501423e-17,163.51676259053215,755.3695881201749
A,186,TYR,mhc,21,5.551115123125783e-17,2.64338815386942e-18,75.85143569817643,246.84182520377712
A,187,ASP,mhc,12,-0.9999999999999999,-0.08333333333333333,78.46410749287656,206.55763439550947
A,188,CYS,mhc,10,5.551115123125783e-17,5.551115123125783e-18,63.42022538541509,198.8484920655534
A,189,LYS,mhc,22,1.0,0.045454545454545456,122.97262845306332,533.8737578249116
A,190,VAL,mhc,16,1.249000902703301e-16,7.806255641895632e-18,54.130720395848414,190.51828345946373
A,191,GLU,mhc,15,-1.0,-0.06666666666666667,79.33602904065562,212.7178413098198
A,192,HIS,mhc,17,0.0,0.0,74.78982245354422,201.11945838379668
A,193,TRP,mhc,24,8.326672684688674e-17,3.469446951953614e-18,54.69992745279328,195.09049996343984
A,194,GLY,mhc,7,5.551115123125783e-17,7.93016446160826e-18,44.23054673684526,117.95902335317264
A,195,LEU,mhc,19,8.326672684688674e-17,4.382459307730881e-18,26.999929478087655,58.919872858761146
A,196,ASP,mhc,12,-0.9999999999999999,-0.08333333333333333,79.45837283313138,286.4689264576799
A,197,LYS,mhc,22,1.0,0.045454545454545456,105.76111127772943,497.50816743444346
A,198,PRO,mhc,14,-6.938893903907228e-18,-4.956352788505163e-19,25.854630738413757,59.05229543800354
A,199,LEU,mhc,19,8.326672684688674e-17,4.382459307730881e-18,48.71443392992499,225.1142776802886
A,200,LEU,mhc,19,8.326672684688674e-17,4.382459307730881e-18,29.853494899004826,68.25183802689396
A,201,LYS,mhc,22,1.0,0.045454545454545456,134.43090300642248,377.34337761602114
A,202,HIS,mhc,18,1.0,0.05555555555555555,245.5580027198589,919.7557059660122
A,203,TRP,mhc,24,8.326672684688674e-17,3.469446951953614e-18,104.25122167910801,619.2947694586936
A,204,GLU,mhc,15,-1.0,-0.06666666666666667,51.70555868614462,135.63069388387714
A,205,PRO,mhc,14,-6.938893903907228e-18,-4.956352788505163e-19,36.2490636075065,63.03076412845965
A,206,GLU,mhc,15,-1.0,-0.06666666666666667,48.06164122942963,119.641178040509
A,207,ILE,mhc,19,-6.938893903907228e-18,-3.6520494231090674e-19,53.01132118445272,176.29856927750592
A,208,PRO,mhc,14,-6.938893903907228e-18,-4.956352788505163e-19,33.42302482790075,55.43760354910143
A,209,ALA,mhc,10,6.245004513516506e-17,6.245004513516506e-18,61.80541337590502,172.35135038976065
A,210,PRO,mhc,14,-6.938893903907228e-18,-4.956352788505163e-19,47.37381540987227,94.26618455841388
A,211,MET,mhc,17,1.1102230246251565e-16,6.530723674265627e-18,50.879718550150976,146.63719220906896
A,212,SER,mhc,11,1.1102230246251565e-16,1.0092936587501423e-17,226.88001639960055,903.9536599743332
A,213,GLU,mhc,15,-1.0,-0.06666666666666667,103.97584176091168,227.5145021602806
A,214,LEU,mhc,19,8.326672684688674e-17,4.382459307730881e-18,52.93988937252157,188.99448838805247
A,215,THR,mhc,14,5.551115123125783e-17,3.96508223080413e-18,230.93139798803628,1345.172359282935
A,216,GLU,mhc,15,-1.0,-0.06666666666666667,113.15132946319953,335.08416972419485
A,217,THR,mhc,14,5.551115123125783e-17,3.96508223080413e-18,184.42983959876304,907.5263341026546
A,218,VAL,mhc,16,1.249000902703301e-16,7.806255641895632e-18,55.715715295721914,255.38518803734763
A,219,VAL,mhc,16,1.249000902703301e-16,7.806255641895632e-18,47.956852500128996,243.595280646698
A,220,CYS,mhc,11,2.7755575615628914e-17,2.523234146875356e-18,85.37713955276332,160.80563803963233
A,221,ALA,mhc,10,6.245004513516506e-17,6.245004513516506e-18,63.057502165343465,209.6238648092412
A,222,LEU,mhc,19,8.326672684688674e-17,4.382459307730881e-18,62.825602828737196,232.9242855128312
A,223,GLY,mhc,7,5.551115123125783e-17,7.93016446160826e-18,77.21122198792906,187.0652339363253
A,224,LEU,mhc,19,8.326672684688674e-17,4.382459307730881e-18,58.212868258872064,243.79392696616912
A,225,SER,mhc,11,1.1102230246251565e-16,1.0092936587501423e-17,160.11877828128456,658.8714716325889
A,226,VAL,mhc,16,1.249000902703301e-16,7.806255641895632e-18,54.29730101077242,311.5976032490758
A,227,GLY,mhc,7,5.551115123125783e-17,7.93016446160826e-18,85.43792680455435,168.257818181062
A,228,LEU,mhc,19,8.326672684688674e-17,4.382459307730881e-18,56.42381850765535,209.34255903021824
A,229,VAL,mhc,16,1.249000902703301e-16,7.806255641895632e-18,58.8851231514168,277.33654328627995
A,230,GLY,mhc,7,5.551115123125783e-17,7.93016446160826e-18,87.84317703179185,240.67089535645545
A,231,ILE,mhc,19,-6.938893903907228e-18,-3.6520494231090674e-19,73.0898990892246,245.63249340593535
A,232,VAL,mhc,16,1.249000902703301e-16,7.806255641895632e-18,53.8039890793077,282.82407004011714
A,233,VAL,mhc,16,1.249000902703301e-16,7.806255641895632e-18,54.318014378233336,282.75792323709493
A,234,GLY,mhc,7,5.551115123125783e-17,7.93016446160826e-18,90.5624813138348,248.36086474772844
A,235,THR,mhc,14,5.551115123125783e-17,3.96508223080413e-18,167.3560591996509,904.075631042762
A,236,VAL,mhc,16,1.249000902703301e-16,7.806255641895632e-18,56.98468440128901,269.0097738789482
A,237,PHE,mhc,20,8.326672684688674e-17,4.163336342344337e-18,68.55117064579784,271.69114966610834
A,238,ILE,mhc,19,-6.938893903907228e-18,-3.6520494231090674e-19,61.73968780138368,233.86568009281203
A,239,ILE,mhc,19,-6.938893903907228e-18,-3.6520494231090674e-19,51.65538100922296,269.010180439637
A,240,ARG,mhc,24,0.9999999999999999,0.041666666666666664,83.60075949760066,299.29873905442645
A,241,GLY,mhc,7,5.551115123125783e-17,7.93016446160826e-18,28.161418327688686,58.82062229344554
A,242,LEU,mhc,19,8.326672684688674e-17,4.382459307730881e-18,52.484966122522884,220.3432987554804
A,243,ARG,mhc,24,0.9999999999999999,0.041666666666666664,101.31933178020579,420.1751256361777
A,244,SER,mhc,11,1.1102230246251565e-16,1.0092936587501423e-17,80.73690063470544,240.84002325468865
A,245,VAL,mhc,16,1.249000902703301e-16,7.806255641895632e-18,26.85294793538184,101.37949841289208
A,246,GLY,mhc,7,5.551115123125783e-17,7.93016446160826e-18,63.11592080166073,137.42086719224014
A,247,ALA,mhc,10,6.245004513516506e-17,6.245004513516506e-18,38.32059730519199,73.48303975291445
A,248,SER,mhc,11,1.1102230246251565e-16,1.0092936587501423e-17,87.55081129726047,234.04953635306055
A,249,ARG,mhc,24,0.9999999999999999,0.041666666666666664,109.22928837063766,343.08568887322673
A,250,HIS,mhc,18,1.0,0.05555555555555555,180.30755921071147,620.1361052575899
A,251,GLN,mhc,17,1.1102230246251565e-16,6.530723674265627e-18,63.06306712528893,195.01339665814663
A,252,GLY,mhc,7,5.551115123125783e-17,7.93016446160826e-18,60.037929104346645,166.39749783014386
A,253,PRO,mhc,14,-6.938893903907228e-18,-4.956352788505163e-19,28.37564823554718,48.103265945364555
A,254,LEU,mhc,20,-1.0,-0.05,25.405732151566003,64.4988376274816
B,1,MET,mhc,19,1.0,0.05263157894736842,53.07113047970583,150.6745969868836
B,2,SER,mhc,11,1.1102230246251565e-16,1.0092936587501423e-17,201.6721132081345,904.9179339680036
B,3,TRP,mhc,24,8.326672684688674e-17,3.469446951953614e-18,92.46019338452105,236.2606622277881
B,4,LYS,mhc,22,1.0,0.045454545454545456,115.39692087393887,380.1137877346128
B,5,LYS,mhc,22,1.0,0.045454545454545456,119.26454149930527,367.8971236630629
B,6,ALA,mhc,10,6.245004513516506e-17,6.245004513516506e-18,29.840796031017362,53.646790346989526
B,7,LEU,mhc,19,8.326672684688674e-17,4.382459307730881e-18,56.726541231310264,148.2867322309854
B,8,ARG,mhc,24,0.9999999999999999,0.041666666666666664,90.5954321004021,265.3102951168989
B,9,ILE,mhc,19,-6.938893903907228e-18,-3.6520494231090674e-19,53.01983923044933,155.79880753000913
B,10,PRO,mhc,14,-6.938893903907228e-18,-4.956352788505163e-19,45.19921849864181,116.08527651279148
B,11,GLY,mhc,7,5.551115123125783e-17,7.93016446160826e-18,81.14722918936802,191.30435765704428
B,12,GLY,mhc,7,5.551115123125783e-17,7.93016446160826e-18,33.13947172674562,60.64622680797579
B,13,LEU,mhc,19,8.326672684688674e-17,4.382459307730881e-18,25.779848954503983,51.98748523605259
B,14,ARG,mhc,24,0.9999999999999999,0.041666666666666664,89.2583875980186,288.89426851857166
B,15,ALA,mhc,10,6.245004513516506e-17,6.245004513516506e-18,41.00113952563256,78.48457534722102
B,16,ALA,mhc,10,6.245004513516506e-17,6.245004513516506e-18,46.340816185161025,89.92182346319493
B,17,THR,mhc,14,5.551115123125783e-17,3.96508223080413e-18,111.65959764473031,620.4734661084078
B,18,VAL,mhc,16,1.249000902703301e-16,7.806255641895632e-18,16.479479022694232,32.71618240965889
B,19,THR,mhc,14,5.551115123125783e-17,3.96508223080413e-18,112.02425473082488,566.844663046752
B,20,LEU,mhc,19,8.326672684688674e-17,4.382459307730881e-18,23.093029381172745,40.986439800701184
B,21,MET,mhc,17,1.1102230246251565e-16,6.530723674265627e-18,47.76318689008579,111.79574317520404
B,22,LEU,mhc,19,8.326672684688674e-17,4.382459307730881e-18,40.9047850017688,165.87827560288557
B,23,ALA,mhc,10,6.245004513516506e-17,6.245004513516506e-18,43.33951279153867,97.05029061586627
B,24,MET,mhc,17,1.1102230246251565e-16,6.530723674265627e-18,37.76937760171631,161.02432082040272
B,25,LEU,mhc,19,8.326672684688674e-17,4.382459307730881e-18,37.29886511310346,134.76272856548155
B,26,SER,mhc,11,1.1102230246251565e-16,1.0092936587501423e-17,117.04237533119553,436.37853510341927
B,27,THR,mhc,14,5.551115123125783e-17,3.96508223080413e-18,146.6675460383187,741.7407593820909
B,28,PRO,mhc,14,-6.938893903907228e-18,-4.956352788505163e-19,29.54272305320189,62.36834630615132
B,29,VAL,mhc,16,1.249000902703301e-16,7.806255641895632e-18,31.598544797042354,65.23715552817498
B,30,ALA,mhc,10,6.245004513516506e-17,6.245004513516506e-18,55.55711333199324,103.31469281791104
B,31,GLU,mhc,15,-1.0,-0.06666666666666667,57.4551500947377,165.3165894250512
B,32,GLY,mhc,7,5.551115123125783e-17,7.93016446160826e-18,51.119057083782664,101.57584715013014
B,33,ARG,mhc,24,0.9999999999999999,0.041666666666666664,79.88119787716384,284.8351617383506
B,34,ASP,mhc,12,-0.9999999999999999,-0.08333333333333333,60.87789892832908,213.35256193433432
B,35,SER,mhc,11,1.1102230246251565e-16,1.0092936587501423e-17,54.36344017934555,98.3773329315632
B,36,PRO,mhc,14,-6.938893903907228e-18,-4.956352788505163e-19,29.55219443320075,73.01147607586854
B,37,GLU,mhc,15,-1.0,-0.06666666666666667,69.43869293407575,233.1660712899861
B,38,ASP,mhc,13,1.1102230246251565e-16,8.540177112501205e-18,166.65851729678582,801.5710092248355
B,39,PHE,mhc,20,8.326672684688674e-17,4.163336342344337e-18,61.41312729092557,196.5505356477596
B,40,VAL,mhc,16,1.249000902703301e-16,7.806255641895632e-18,72.95135103424172,318.4425365348799
B,41,TYR,mhc,21,5.551115123125783e-17,2.64338815386942e-18,113.57821624487501,339.95485033707405
B,42,GLN,mhc,17,1.1102230246251565e-16,6.530723674265627e-18,97.29059501266357,259.97027923331655
B,43,PHE,mhc,20,8.326672684688674e-17,4.163336342344337e-18,72.39392400062472,318.43809655856853
B,44,LYS,mhc,22,1.0,0.045454545454545456,93.81969255832267,261.4579826305891
B,45,ALA,mhc,10,6.245004513516506e-17,6.245004513516506e-18,45.856086703207424,97.84193240398209
B,46,MET,mhc,17,1.1102230246251565e-16,6.530723674265627e-18,54.58920724673242,237.67555306692705
B,47,CYS,mhc,10,5.551115123125783e-17,5.551115123125783e-18,90.84911894247958,200.64164450626487
B,48,TYR,mhc,21,5.551115123125783e-17,2.64338815386942e-18,145.90855883559038,1008.6745164031356
B,49,PHE,mhc,20,8.326672684688674e-17,4.163336342344337e-18,47.514885513111984,202.46552421907185
B,50,THR,mhc,14,5.551115123125783e-17,3.96508223080413e-18,35.1034217290136,94.20899938626393
B,51,ASN,mhc,14,0.0,0.0,190.87153564304475,729.2524762498927
B,52,GLY,mhc,7,5.551115123125783e-17,7.93016446160826e-18,46.26077787557079,102.91127474121689
B,53,THR,mhc,14,5.551115123125783e-17,3.96508223080413e-18,116.2538053033509,660.6529409790611
B,54,GLU,mhc,15,-1.0,-0.06666666666666667,42.39004832959247,82.3595333195362
B,55,ARG,mhc,24,0.9999999999999999,0.041666666666666664,126.02012038579467,525.7911692788407
B,56,VAL,mhc,16,1.249000902703301e-16,7.806255641895632e-18,46.489662808012,93.832527224726
B,57,ARG,mhc,24,0.9999999999999999,0.041666666666666664,140.74326667436335,438.1716562353541
B,58,TYR,mhc,21,5.551115123125783e-17,2.64338815386942e-18,119.20640724513684,711.0087707577642
B,59,VAL,mhc,16,1.249000902703301e-16,7.806255641895632e-18,61.90781611148075,224.81037913911035
B,60,THR,mhc,14,5.551115123125783e-17,3.96508223080413e-18,77.92958587851253,237.93499284797895
B,61,ARG,mhc,24,0.9999999999999999,0.041666666666666664,108.25238961631864,362.5637660987874
B,62,TYR,mhc,21,5.551115123125783e-17,2.64338815386942e-18,85.23984272547808,450.5805404053992
B,63,ILE,mhc,19,-6.938893903907228e-18,-3.6520494231090674e-19,76.41431070301189,272.38882096269657
B,64,TYR,mhc,21,5.551115123125783e-17,2.64338815386942e-18,96.8900773581666,414.6725360803083
B,65,ASN,mhc,14,0.0,0.0,104.95194618107801,264.9607930696102
B,66,ARG,mhc,24,0.9999999999999999,0.041666666666666664,168.35374708998856,715.9165140528048
B,67,GLU,mhc,16,1.6653345369377348e-16,1.0408340855860843e-17,99.57075602602144,589.8173754104434
B,68,GLU,mhc,16,1.6653345369377348e-16,1.0408340855860843e-17,92.15333879754053,479.96207934937894
B,69,TYR,mhc,21,5.551115123125783e-17,2.64338815386942e-18,89.93231259157581,512.8356088378141
B,70,ALA,mhc,10,6.245004513516506e-17,6.245004513516506e-18,34.323839245250284,70.4766952158441
B,71,ARG,mhc,24,0.9999999999999999,0.041666666666666664,148.31950378896798,507.89315707168254
B,72,PHE,mhc,20,8.326672684688674e-17,4.163336342344337e-18,56.14651234867608,156.48026757378162
B,73,ASP,mhc,12,-0.9999999999999999,-0.08333333333333333,44.21659828290316,98.13989583086436
B,74,SER,mhc,11,1.1102230246251565e-16,1.0092936587501423e-17,111.77062096891922,310.72820336040905
B,75,ASP,mhc,12,-0.9999999999999999,-0.08333333333333333,89.47122209811846,376.2720049708281
B,76,VAL,mhc,16,1.249000902703301e-16,7.806255641895632e-18,51.84866976396112,136.75292174036576
B,77,GLU,mhc,15,-1.0,-0.06666666666666667,54.51644814388579,151.93021896821594
B,78,VAL,mhc,16,1.249000902703301e-16,7.806255641895632e-18,31.51901020860333,60.91898478741547
B,79,TYR,mhc,21,5.551115123125783e-17,2.64338815386942e-18,121.32552930063403,595.8573472328595
B,80,ARG,mhc,24,0.9999999999999999,0.041666666666666664,101.82129297407734,273.89720094352725
B,81,ALA,mhc,10,6.245004513516506e-17,6.245004513516506e-18,40.41135231328475,98.8634396465202
B,82,VAL,mhc,16,1.249000902703301e-16,7.806255641895632e-18,62.62304748505338,119.56038422678884
B,83,THR,mhc,14,5.551115123125783e-17,3.96508223080413e-18,101.10574568902778,492.30808900434687
B,84,PRO,mhc,14,-6.938893903907228e-18,-4.956352788505163e-19,26.662716533690226,42.7240751775374
B,85,LEU,mhc,19,8.326672684688674e-17,4.382459307730881e-18,25.493179312444262,57.66210465507658
B,86,GLY,mhc,7,5.551115123125783e-17,7.93016446160826e-18,105.8482752049998,274.9808126816409
B,87,PRO,mhc,14,-6.938893903907228e-18,-4.956352788505163e-19,46.07237977211598,99.84343540522558
B,88,PRO,mhc,14,-6.938893903907228e-18,-4.956352788505163e-19,42.585541249445996,117.00935342369873
B,89,ASP,mhc,13,1.1102230246251565e-16,8.540177112501205e-18,126.85120233182425,574.5910615832729
B,90,ALA,mhc,10,6.245004513516506e-17,6.245004513516506e-18,43.137595723027616,77.36185958659706
B,91,GLU,mhc,15,-1.0,-0.06666666666666667,87.75886331196784,208.72517869004173
B,92,TYR,mhc,21,5.551115123125783e-17,2.64338815386942e-18,143.0165972796075,419.9814969916999
B,93,TRP,mhc,24,8.326672684688674e-17,3.469446951953614e-18,250.72489186345874,718.4716948493217
B,94,ASN,mhc,14,0.0,0.0,96.50914182835884,272.7275062198016
B,95,SER,mhc,11,1.1102230246251565e-16,1.0092936587501423e-17,145.0319568525599,525.552453609263
B,96,GLN,mhc,17,1.1102230246251565e-16,6.530723674265627e-18,93.82786903328012,319.04367087637326
B,97,LYS,mhc,22,1.0,0.045454545454545456,100.25589615841103,278.2137748887406
B,98,GLU,mhc,15,-1.0,-0.06666666666666667,85.73210920053226,185.4176320566813
B,99,VAL,mhc,16,1.249000902703301e-16,7.806255641895632e-18,57.27571368521702,245.39028134157024
B,100,LEU,mhc,19,8.326672684688674e-17,4.382459307730881e-18,45.040061767302774,122.5127583179078
B,101,GLU,mhc,15,-1.0,-0.06666666666666667,62.08448252985388,238.87272236284377
B,102,ARG,mhc,24,0.9999999999999999,0.041666666666666664,209.70180700578234,715.4722363858721
B,103,THR,mhc,14,5.551115123125783e-17,3.96508223080413e-18,171.14346161745374,806.0203054330461
B,104,ARG,mhc,24,0.9999999999999999,0.041666666666666664,93.17920751953382,349.4107777802461
B,105,ALA,mhc,10,6.245004513516506e-17,6.245004513516506e-18,54.07032927690151,129.12303516501916
B,106,GLU,mhc,16,1.6653345369377348e-16,1.0408340855860843e-17,110.94091484252417,372.5365458923112
B,107,LEU,mhc,19,8.326672684688674e-17,4.382459307730881e-18,38.7634255050645,91.6829871653606
B,108,ASP,mhc,12,-0.9999999999999999,-0.08333333333333333,25.70103582698184,58.37446241892472
B,109,THR,mhc,14,5.551115123125783e-17,3.96508223080413e-18,118.24276278815664,487.88617723237667
B,110,VAL,mhc,16,1.249000902703301e-16,7.806255641895632e-18,44.76030237846472,160.69493141590138
B,111,CYS,mhc,10,5.551115123125783e-17,5.551115123125783e-18,82.0444249687151,190.32484710808427
B,112,ARG,mhc,24,0.9999999999999999,0.041666666666666664,163.7934145202058,587.905232605484
B,113,HIS,mhc,18,1.0,0.05555555555555555,168.2870152793124,516.4666843345607
B,114,ASN,mhc,14,0.0,0.0,97.62255589099637,233.18661295433031
B,115,TYR,mhc,21,5.551115123125783e-17,2.64338815386942e-18,51.56068869254539,199.93394670205709
B,116,GLN,mhc,17,1.1102230246251565e-16,6.530723674265627e-18,67.39421348580117,236.97195618272795
B,117,LEU,mhc,19,8.326672684688674e-17,4.382459307730881e-18,26.37874187533921,57.63592563773463
B,118,GLU,mhc,16,1.6653345369377348e-16,1.0408340855860843e-17,86.60008962906704,262.12776085433296
B,119,LEU,mhc,19,8.326672684688674e-17,4.382459307730881e-18,71.73349565900932,258.065406290588
B,120,ARG,mhc,24,0.9999999999999999,0.041666666666666664,88.09243368025822,288.0082268292484
B,121,THR,mhc,14,5.551115123125783e-17,3.96508223080413e-18,104.72500272773682,572.4492859317791
B,122,THR,mhc,14,5.551115123125783e-17,3.96508223080413e-18,158.61517410201614,752.5846175535235
B,123,LEU,mhc,19,8.326672684688674e-17,4.382459307730881e-18,47.56549680910761,203.2282716830663
B,124,GLN,mhc,17,1.1102230246251565e-16,6.530723674265627e-18,61.33712142165774,167.18415103085908
B,125,ARG,mhc,24,0.9999999999999999,0.041666666666666664,108.07023532997555,500.1965708234167
B,126,ARG,mhc,24,0.9999999999999999,0.041666666666666664,72.36902584200767,294.70571108603616
B,127,VAL,mhc,16,1.249000902703301e-16,7.806255641895632e-18,48.84323541884512,160.1788368444506
B,128,GLU,mhc,15,-1.0,-0.06666666666666667,82.58657968676894,262.94271555537455
B,129,PRO,mhc,14,-6.938893903907228e-18,-4.956352788505163e-19,22.05345251147105,50.28633467566318
B,130,THR,mhc,14,5.551115123125783e-17,3.96508223080413e-18,100.06621009841442,286.2573260064546
B,131,VAL,mhc,16,1.249000902703301e-16,7.806255641895632e-18,44.07242736785196,113.44399498849626
B,132,THR,mhc,14,5.551115123125783e-17,3.96508223080413e-18,104.30154328246849,317.2653157638716
B,133,ILE,mhc,19,-6.938893903907228e-18,-3.6520494231090674e-19,60.426042906461184,164.39895008612825
B,134,SER,mhc,11,1.1102230246251565e-16,1.0092936587501423e-17,117.9255386532278,291.2603190129652
B,135,PRO,mhc,14,-6.938893903907228e-18,-4.956352788505163e-19,48.51341786770163,154.63189163701452
B,136,SER,mhc,11,1.1102230246251565e-16,1.0092936587501423e-17,180.68907165144358,708.9650445819575
B,137,ARG,mhc,24,0.9999999999999999,0.041666666666666664,139.44274017271366,715.3530416377156
B,138,THR,mhc,14,5.551115123125783e-17,3.96508223080413e-18,132.64675205287628,690.4870718040546
B,139,GLU,mhc,15,-1.0,-0.06666666666666667,87.16889264463445,177.36653702478748
B,140,ALA,mhc,10,6.245004513516506e-17,6.245004513516506e-18,46.94769825016571,103.75373559868464
B,141,LEU,mhc,19,8.326672684688674e-17,4.382459307730881e-18,55.74658257175387,128.0528585439105
B,142,ASN,mhc,14,0.0,0.0,99.2780127921837,283.1064750285934
B,143,HIS,mhc,18,1.0,0.05555555555555555,239.4700904832827,765.2247635596783
B,144,HIS,mhc,18,1.0,0.05555555555555555,235.97343407003487,560.1627293295418
B,145,ASN,mhc,14,0.0,0.0,78.02727320197448,228.61380455319127
B,146,LEU,mhc,19,8.326672684688674e-17,4.382459307730881e-18,51.35511987938365,150.57524415584314
B,147,LEU,mhc,19,8.326672684688674e-17,4.382459307730881e-18,39.00276734828714,171.36605435870922
B,148,VAL,mhc,16,1.249000902703301e-16,7.806255641895632e-18,66.25461601104985,269.3375722484436
B,149,CYS,mhc,10,5.551115123125783e-17,5.551115123125783e-18,47.088127558006704,155.2825822327148
B,150,SER,mhc,11,1.1102230246251565e-16,1.0092936587501423e-17,100.55612034461492,224.26578640235104
B,151,VAL,mhc,16,1.249000902703301e-16,7.806255641895632e-18,71.94114691272004,314.30827442146466
B,152,THR,mhc,14,5.551115123125783e-17,3.96508223080413e-18,126.84018893089252,423.2004447976416
B,153,ASP,mhc,12,-0.9999999999999999,-0.08333333333333333,33.18446423062156,86.9322234117707
B,154,PHE,mhc,20,8.326672684688674e-17,4.163336342344337e-18,49.77413983560108,141.55113108188985
B,155,TYR,mhc,21,5.551115123125783e-17,2.64338815386942e-18,81.67228704373663,482.3478026086248
B,156,PRO,mhc,14,-6.938893903907228e-18,-4.956352788505163e-19,31.11199869849227,48.55324517104783
B,157,ALA,mhc,10,6.245004513516506e-17,6.245004513516506e-18,40.760974736824735,82.49547803009004
B,158,GLN,mhc,17,1.1102230246251565e-16,6.530723674265627e-18,64.82852545760309,237.8442200541922
B,159,ILE,mhc,19,-6.938893903907228e-18,-3.6520494231090674e-19,21.439238628764915,45.39309542465023
B,160,LYS,mhc,22,1.0,0.045454545454545456,114.5585244759685,443.20336585477935
B,161,VAL,mhc,16,1.249000902703301e-16,7.806255641895632e-18,64.36808042447937,333.2745822801815
B,162,ARG,mhc,24,0.9999999999999999,0.041666666666666664,133.36091252021708,505.7817774021241
B,163,TRP,mhc,24,8.326672684688674e-17,3.469446951953614e-18,70.24445550563185,294.8342329262244
B,164,PHE,mhc,20,8.326672684688674e-17,4.163336342344337e-18,50.47189182485961,117.00494465069016
B,165,ARG,mhc,24,0.9999999999999999,0.041666666666666664,134.45149646391204,482.2010897933111
B,166,ASN,mhc,14,0.0,0.0,127.43580168537476,431.0586753652556
B,167,ASP,mhc,12,-0.9999999999999999,-0.08333333333333333,39.48800394909051,71.41647033744604
B,168,GLN,mhc,17,1.1102230246251565e-16,6.530723674265627e-18,114.98750078622534,644.7633595917465
B,169,GLU,mhc,15,-1.0,-0.06666666666666667,83.94906399556059,286.24939060819554
B,170,GLU,mhc,15,-1.0,-0.06666666666666667,61.44057891602048,228.82808673337783
B,171,THR,mhc,14,5.551115123125783e-17,3.96508223080413e-18,46.54973655326785,147.43414232767438
B,172,THR,mhc,14,5.551115123125783e-17,3.96508223080413e-18,117.61668985546721,663.3215397104098
B,173,GLY,mhc,7,5.551115123125783e-17,7.93016446160826e-18,61.53532889976362,151.9173261566828
B,174,VAL,mhc,16,1.249000902703301e-16,7.806255641895632e-18,36.63967065835567,102.3267563233446
B,175,VAL,mhc,16,1.249000902703301e-16,7.806255641895632e-18,58.57700668327014,260.7211270350888
B,176,SER,mhc,11,1.1102230246251565e-16,1.0092936587501423e-17,181.5103739074434,873.2139592044722
B,177,THR,mhc,14,5.551115123125783e-17,3.96508223080413e-18,141.21028438660278,635.9495538268121
B,178,PRO,mhc,14,-6.938893903907228e-18,-4.956352788505163e-19,34.75046809691329,76.79568283286933
B,179,LEU,mhc,19,8.326672684688674e-17,4.382459307730881e-18,42.08420128768415,120.70487274102466
B,180,ILE,mhc,19,-6.938893903907228e-18,-3.6520494231090674e-19,55.66755411398015,219.69243952449577
B,181,ARG,mhc,24,0.9999999999999999,0.041666666666666664,104.95663824332921,439.16744296468227
B,182,ASN,mhc,14,0.0,0.0,78.20177854377037,185.25576529626116
B,183,GLY,mhc,7,5.551115123125783e-17,7.93016446160826e-18,47.7057115390193,100.9964496414236
B,184,ASP,mhc,12,-0.9999999999999999,-0.08333333333333333,38.90790483128685,105.91924092656204
B,185,TRP,mhc,24,8.326672684688674e-17,3.469446951953614e-18,92.18144034495526,353.2229751081655
B,186,THR,mhc,14,5.551115123125783e-17,3.96508223080413e-18,256.40796884254945,1332.4243577338268
B,187,PHE,mhc,20,8.326672684688674e-17,4.163336342344337e-18,45.95339046916989,139.57831263520717
B,188,GLN,mhc,17,1.1102230246251565e-16,6.530723674265627e-18,94.84682821939673,231.83355475038135
B,189,ILE,mhc,19,-6.938893903907228e-18,-3.6520494231090674e-19,54.589040470184095,269.12378319801013
B,190,LEU,mhc,19,8.326672684688674e-17,4.382459307730881e-18,48.06409405235255,203.56354389359345
B,191,VAL,mhc,16,1.249000902703301e-16,7.806255641895632e-18,51.559137737355655,251.53526992370337
B,192,MET,mhc,17,1.1102230246251565e-16,6.530723674265627e-18,59.864071101925546,140.0701158111595
B,193,LEU,mhc,19,8.326672684688674e-17,4.382459307730881e-18,75.87222244902604,236.20584968884907
B,194,GLU,mhc,16,1.6653345369377348e-16,1.0408340855860843e-17,133.3960315384272,667.456305979228
B,195,MET,mhc,17,1.1102230246251565e-16,6.530723674265627e-18,22.64216487130489,70.89305804202395
B,196,THR,mhc,14,5.551115123125783e-17,3.96508223080413e-18,127.75325005370328,512.6213289204194
B,197,PRO,mhc,14,-6.938893903907228e-18,-4.956352788505163e-19,35.05467516921366,61.573518154317895
B,198,GLN,mhc,17,1.1102230246251565e-16,6.530723674265627e-18,77.9746251835746,461.71464901205326
B,199,HIS,mhc,18,1.0,0.05555555555555555,207.18365844205266,491.16852179772366
B,200,GLY,mhc,7,5.551115123125783e-17,7.93016446160826e-18,67.9964305432679,193.31519733454635
B,201,ASP,mhc,12,-0.9999999999999999,-0.08333333333333333,32.88698074464009,70.8057772701936
B,202,VAL,mhc,16,1.249000902703301e-16,7.806255641895632e-18,72.8968532657055,303.319577106984
B,203,TYR,mhc,21,5.551115123125783e-17,2.64338815386942e-18,146.7137472922546,990.3988108079534
B,204,THR,mhc,14,5.551115123125783e-17,3.96508223080413e-18,119.95469302320704,471.91669829384426
B,205,CYS,mhc,10,5.551115123125783e-17,5.551115123125783e-18,73.34083899442705,271.40226845159634
B,206,HIS,mhc,18,1.0,0.05555555555555555,244.6517130735491,724.893531684165
B,207,VAL,mhc,16,1.249000902703301e-16,7.806255641895632e-18,51.742704259485066,260.44844518144606
B,208,GLU,mhc,15,-1.0,-0.06666666666666667,70.2396103851052,307.9568783960896
B,209,HIS,mhc,18,1.0,0.05555555555555555,184.0044176333748,662.8813349988937
B,210,PRO,mhc,14,-6.938893903907228e-18,-4.956352788505163e-19,28.116991573196636,65.86568557281583
B,211,SER,mhc,11,1.1102230246251565e-16,1.0092936587501423e-17,167.69790917916143,636.7716355380644
B,212,LEU,mhc,19,8.326672684688674e-17,4.382459307730881e-18,44.33991914459945,98.20848910938564
B,213,GLN,mhc,17,1.1102230246251565e-16,6.530723674265627e-18,96.694485961849,563.5060324285399
B,214,ASN,mhc,14,0.0,0.0,78.01038680521278,272.1647420636441
B,215,PRO,mhc,14,-6.938893903907228e-18,-4.956352788505163e-19,40.1358198542326,91.88657951773943
B,216,ILE,mhc,19,-6.938893903907228e-18,-3.6520494231090674e-19,38.09151532796093,74.14127797057604
B,217,THR,mhc,14,5.551115123125783e-17,3.96508223080413e-18,127.14196229837474,602.6087914704267
B,218,VAL,mhc,16,1.249000902703301e-16,7.806255641895632e-18,54.19931942640561,192.965605216654
B,219,GLU,mhc,15,-1.0,-0.06666666666666667,68.49829492736733,146.25157935227062
B,220,TRP,mhc,24,8.326672684688674e-17,3.469446951953614e-18,112.74289889750531,420.6187422681529
B,221,ARG,mhc,24,0.9999999999999999,0.041666666666666664,194.62530802784843,659.2892763431178
B,222,ALA,mhc,10,6.245004513516506e-17,6.245004513516506e-18,135.73665104993168,317.77449698274876
B,223,GLN,mhc,17,1.1102230246251565e-16,6.530723674265627e-18,225.7197427738672,547.1032851156461
B,224,SER,mhc,11,1.1102230246251565e-16,1.0092936587501423e-17,454.6840298430887,1858.9421467421116
B,225,GLU,mhc,15,-1.0,-0.06666666666666667,168.71087247124024,512.7777539471258
B,226,SER,mhc,11,1.1102230246251565e-16,1.0092936587501423e-17,372.13866762513976,1337.0806318413902
B,227,ALA,mhc,10,6.245004513516506e-17,6.245004513516506e-18,182.1736556585737,585.6358349319545
B,228,GLN,mhc,17,1.1102230246251565e-16,6.530723674265627e-18,254.09785202899874,842.4279245526238
B,229,SER,mhc,11,1.1102230246251565e-16,1.0092936587501423e-17,398.54501651945554,869.2902536567607
B,230,LYS,mhc,22,1.0,0.045454545454545456,293.11496518895956,764.036820667464
B,231,MET,mhc,17,1.1102230246251565e-16,6.530723674265627e-18,151.1188362643025,538.7496426482029
B,232,LEU,mhc,19,8.326672684688674e-17,4.382459307730881e-18,70.97362925788006,378.4332814390495
B,233,SER,mhc,11,1.1102230246251565e-16,1.0092936587501423e-17,79.55417420554222,187.14594043281335
B,234,GLY,mhc,7,5.551115123125783e-17,7.93016446160826e-18,99.99990371786058,209.18747967594817
B,235,ILE,mhc,19,-6.938893903907228e-18,-3.6520494231090674e-19,60.42009596509031,321.78141167255455
B,236,GLY,mhc,7,5.551115123125783e-17,7.93016446160826e-18,89.16328148911113,234.31716364715044
B,237,GLY,mhc,7,5.551115123125783e-17,7.93016446160826e-18,73.0378850050965,187.5995948769279
B,238,PHE,mhc,20,8.326672684688674e-17,4.163336342344337e-18,50.353176410123595,181.6599832146075
B,239,VAL,mhc,16,1.249000902703301e-16,7.806255641895632e-18,57.29766425237632,253.6003011921144
B,240,LEU,mhc,19,8.326672684688674e-17,4.382459307730881e-18,46.04450756921216,211.97212111667963
B,241,GLY,mhc,7,5.551115123125783e-17,7.93016446160826e-18,127.52506166247512,263.5459072944547
B,242,LEU,mhc,19,8.326672684688674e-17,4.382459307730881e-18,59.58362928499887,250.4389575801908
B,243,ILE,mhc,19,-6.938893903907228e-18,-3.6520494231090674e-19,43.6110614729035,214.0641815344044
B,244,PHE,mhc,20,8.326672684688674e-17,4.163336342344337e-18,47.64361200707484,201.429119944355
B,245,LEU,mhc,19,8.326672684688674e-17,4.382459307730881e-18,42.687152056368596,235.4344120073595
B,246,GLY,mhc,7,5.551115123125783e-17,7.93016446160826e-18,77.93981841711361,249.2265829914788
B,247,LEU,mhc,19,8.326672684688674e-17,4.382459307730881e-18,51.37134684726457,265.42404600285744
B,248,GLY,mhc,7,5.551115123125783e-17,7.93016446160826e-18,99.07461244366118,237.23675490247496
B,249,LEU,mhc,19,8.326672684688674e-17,4.382459307730881e-18,56.87289115289204,307.20898205284226
B,250,ILE,mhc,19,-6.938893903907228e-18,-3.6520494231090674e-19,51.3259061760907,311.2886385652804
B,251,ILE,mhc,19,-6.938893903907228e-18,-3.6520494231090674e-19,55.725123070289875,288.9621298230062
B,252,HIS,mhc,18,1.0,0.05555555555555555,225.83047588653758,616.7166071989952
B,253,HIS,mhc,18,1.0,0.05555555555555555,236.41708520899016,691.2604082532667
B,254,ARG,mhc,24,0.9999999999999999,0.041666666666666664,105.47995946145738,379.65684341184107
B,255,SER,mhc,11,1.1102230246251565e-16,1.0092936587501423e-17,171.09858392648968,643.737551140851
B,256,GLN,mhc,17,1.1102230246251565e-16,6.530723674265627e-18,66.96968568414856,312.66450189769233
B,257,LYS,mhc,22,1.0,0.045454545454545456,113.92176009460856,349.94910018618884
B,258,GLY,mhc,7,5.551115123125783e-17,7.93016446160826e-18,54.24390635318561,130.3806276538905
B,259,LEU,mhc,19,8.326672684688674e-17,4.382459307730881e-18,32.54954724958552,80.47205194053353
B,260,LEU,mhc,19,8.326672684688674e-17,4.382459307730881e-18,22.30467570910177,44.02730381832629
B,261,HIS,mhc,19,-1.1102230246251565e-16,-5.843279076974508e-18,137.7791668144391,408.2513419746579
C,1,ASP,peptide,14,1.3877787807814457e-16,9.912705577010326e-18,350.1166037701194,1662.2616806236997
C,2,VAL,peptide,16,1.249000902703301e-16,7.806255641895632e-18,55.81230542654856,159.6934253805958
C,3,GLN,peptide,17,1.1102230246251565e-16,6.530723674265627e-18,187.55398102818248,568.0784814547792
C,4,ASP,peptide,13,1.1102230246251565e-16,8.540177112501205e-18,336.12874562146146,1197.9014298113796
C,5,ASP,peptide,13,1.1102230246251565e-16,8.540177112501205e-18,135.86639795980457,439.6250341482608
C,6,GLU,peptide,15,-1.0,-0.06666666666666667,189.34184089617597,400.36576903051395
C,7,GLU,peptide,16,1.6653345369377348e-16,1.0408340855860843e-17,188.8173490164713,826.8613143972852
C,8,ARG,peptide,24,0.9999999999999999,0.041666666666666664,250.25140085246733,654.2784681951249
C,9,GLU,peptide,16,1.6653345369377348e-16,1.0408340855860843e-17,134.5884388386741,259.6328165478947
C,10,LEU,peptide,20,-1.0,-0.05,270.0039451171864,1552.2425765440232
