chain,residue_idx,residue_number,residue,sasa_A2
0,0,1,MET,222.8225135942921
0,1,2,ILE,140.96555576543324
0,2,3,LEU,137.5694580608979
0,3,4,ASN,70.27709082467481
0,4,5,LYS,95.38955162861384
0,5,6,ALA,63.096566253807396
0,6,7,LEU,126.37330940924585
0,7,8,MET,72.84186314791441
0,8,9,LEU,56.80281498352997
0,9,10,GLY,42.75092715397477
0,10,11,THR,99.27178622456267
0,11,12,LEU,39.73509860225022
0,12,13,ALA,68.84674455504864
0,13,14,LEU,19.162060308735818
0,14,15,THR,54.03557532699779
0,15,16,THR,101.91104074474424
0,16,17,VAL,43.99804042186588
0,17,18,MET,169.3079313263297
0,18,19,SER,55.26442974805832
0,19,20,PRO,110.29204148799181
0,20,21,CYS,8.883292879909277
0,21,22,GLY,82.98780443146825
0,22,23,GLY,11.319646518677473
0,23,24,GLU,113.66585546638817
0,24,25,ASP,71.82164681144059
0,25,26,ILE,24.46391088888049
0,26,27,VAL,141.82281171670184
0,27,28,ALA,25.844389700796455
0,28,29,ASP,90.19074018578976
0,29,30,HIS,38.024101936025545
0,30,31,VAL,41.08222844079137
0,31,32,ALA,0.0
0,32,33,SER,3.7165040150284767
0,33,34,TYR,1.8166259280405939
0,34,35,GLY,0.0
0,35,36,VAL,0.6194173241965473
0,36,37,ASN,0.11161031434312463
0,37,38,LEU,4.401894833426923
0,38,39,TYR,33.37949968408793
0,39,40,GLN,10.97625382244587
0,40,41,SER,53.46920832525939
0,41,42,TYR,55.24829017231241
0,42,43,GLY,39.01001773774624
0,43,44,PRO,73.95357263158076
0,44,45,SER,41.353725630324334
0,45,46,GLY,7.7544765546917915
0,46,47,GLN,21.99035808444023
0,47,48,TYR,0.0
0,48,49,THR,0.0
0,49,50,HIS,10.073778289370239
0,50,51,GLU,5.666867597028613
0,51,52,PHE,0.0
0,52,53,ASP,40.15053268522024
0,53,54,GLY,25.45356545597315
0,54,55,ASP,0.4464412573724985
0,55,56,GLU,9.488237532787025
0,56,57,GLN,5.640477116685361
0,57,58,PHE,3.804992139339447
0,58,59,TYR,41.621693735942245
0,59,60,VAL,4.352802410721779
0,60,61,ASP,12.19306020066142
0,61,62,LEU,27.82247243449092
0,62,63,GLY,50.34777019172907
0,63,64,ARG,101.43186439527199
0,64,65,LYS,133.37294990196824
0,65,66,GLU,89.82452470809221
0,66,67,THR,28.17164473235607
0,67,68,VAL,31.318012764677405
0,68,69,TRP,48.19320208625868
0,69,70,CYS,46.14182710647583
0,70,71,LEU,8.947779115987942
0,71,72,PRO,69.39674783498049
0,72,73,VAL,59.423321939539164
0,73,74,LEU,6.017196923494339
0,74,75,ARG,95.2106510521844
0,75,76,GLN,121.92360524786636
0,76,77,PHE,42.927213304210454
0,77,78,ARG,247.9976678499952
0,78,79,PHE,31.086707348003983
0,79,80,ASP,78.76126648625359
0,80,81,PRO,28.54621186852455
0,81,82,GLN,103.1962682842277
0,82,83,PHE,109.3411980313249
0,83,84,ALA,0.0
0,84,85,LEU,35.849958937615156
0,85,86,THR,63.7938859697897
0,86,87,ASN,0.33483095467090607
0,87,88,ILE,16.650570929050446
0,88,89,ALA,60.081654880195856
0,89,90,VAL,32.90556315914728
0,90,91,LEU,0.0
0,91,92,LYS,118.23671401944011
0,92,93,HIS,76.81272245245054
0,93,94,ASN,7.291655091103166
0,94,95,LEU,1.5416056266985834
0,95,96,ASN,73.7068778835237
0,96,97,SER,25.668220687657595
0,97,98,LEU,0.7963936775922775
0,98,99,ILE,30.055747338337824
0,99,100,LYS,177.45835203677416
0,100,101,ARG,73.14754535909742
0,101,102,SER,13.001203536987305
0,102,103,ASN,145.18136139959097
0,103,104,SER,62.44633663445711
0,104,105,THR,75.93327106442302
0,105,106,ALA,28.84640647098422
0,106,107,ALA,11.272642016410828
0,107,108,THR,95.64039744436741
0,108,109,ASN,42.210908024571836
0,109,110,GLU,46.03187706088647
0,110,111,VAL,91.0530082299374
0,111,112,PRO,4.352802410721779
0,112,113,GLU,84.34070905204862
0,113,114,VAL,15.38846269249916
0,114,115,THR,24.986415688181296
0,115,116,VAL,14.974903571419418
0,116,117,PHE,16.68787749367766
0,117,118,SER,19.1017888544593
0,118,119,LYS,19.100490293931216
0,119,120,SER,32.96208145911805
0,120,121,PRO,43.96060344297439
0,121,122,VAL,40.479744446929544
0,122,123,THR,64.38943750108592
0,123,124,LEU,80.77737602870911
0,124,125,GLY,43.987767631188035
0,125,126,GLN,111.73660128843039
0,126,127,PRO,112.21871301531792
0,127,128,ASN,9.486646222649142
0,128,129,ILE,52.86318511352874
0,129,130,LEU,0.0
0,130,131,ILE,0.0
0,131,132,CYS,0.0
0,132,133,LEU,21.923163963947445
0,133,134,VAL,0.0
0,134,135,ASP,4.51625935966149
0,135,136,ASN,33.660732954740524
0,136,137,ILE,0.0
0,137,138,PHE,0.377383828163147
0,138,139,PRO,0.0
0,139,140,PRO,2.1205959841609
0,140,141,VAL,2.7431337803136557
0,141,142,VAL,4.8908524215221405
0,142,143,ASN,19.869967823615298
0,143,144,ILE,12.973039038479328
0,144,145,THR,39.27455029916018
0,145,146,TRP,2.0352283492684364
0,146,147,LEU,20.125041995197535
0,147,148,SER,18.92392222653143
0,148,149,ASN,77.02306280843914
0,149,150,GLY,56.100754952058196
0,150,151,HIS,141.46444257348776
0,151,152,SER,86.00980802439153
0,152,153,VAL,32.71405715495348
0,153,154,THR,117.65011345269158
0,154,155,GLU,153.84749229997396
0,155,156,GLY,27.859882824122906
0,156,157,VAL,19.791409745812416
0,157,158,SER,20.893852290464565
0,158,159,GLU,29.544102418003604
0,159,160,THR,15.278511843644083
0,160,161,SER,19.187959074042737
0,161,162,PHE,21.885249856859446
0,162,163,LEU,0.5309291300363839
0,163,164,SER,16.741547733545303
0,164,165,LYS,27.30087593663484
0,165,166,SER,45.968150068074465
0,166,167,ASP,51.732051972066984
0,167,168,HIS,12.404840346425772
0,168,169,SER,0.8848818950355053
0,169,170,PHE,0.47974736080504954
0,170,171,PHE,20.208557206206024
0,171,172,LYS,17.939704284071922
0,172,173,ILE,0.17697637667879462
0,173,174,SER,0.33483095467090607
0,174,175,TYR,20.441951707471162
0,175,176,LEU,1.6812756657600403
0,176,177,THR,76.60256720846519
0,177,178,LEU,12.727756786625832
0,178,179,LEU,103.08925556018949
0,179,180,PRO,2.3438166826963425
0,180,181,SER,29.285239428281784
0,181,182,ALA,66.64803214371204
0,182,183,GLU,166.57562032341957
0,183,184,GLU,61.53406567173079
0,184,185,SER,17.832769080996513
0,185,186,TYR,10.974294692277908
0,186,187,ASP,18.318276607897133
0,187,188,CYS,0.0
0,188,189,LYS,62.61403318494558
0,189,190,VAL,0.0
0,190,191,GLU,25.71973679587245
0,191,192,HIS,3.1513314694166183
0,192,193,TRP,17.28359810076654
0,193,194,GLY,16.716037085279822
0,194,195,LEU,17.29366084909998
0,195,196,ASP,147.32167422771454
0,196,197,LYS,174.0429543890059
0,197,198,PRO,53.054983250331134
0,198,199,LEU,61.479524680180475
0,199,200,LEU,95.36398556083441
0,200,201,LYS,75.839320756495
0,201,202,HIS,94.32408958673477
0,202,203,TRP,28.248447529040277
0,203,204,GLU,91.83902952354401
0,204,205,PRO,15.48795800190419
0,205,206,GLU,146.0788886062801
0,206,207,ILE,90.07817143574357
0,207,208,PRO,78.43168093822896
0,208,209,ALA,51.79791785776615
0,209,210,PRO,115.22909502964467
0,210,211,MET,49.921195360366255
0,211,212,SER,82.11746350862086
0,212,213,GLU,38.601209165062755
0,213,214,LEU,129.0518771915231
0,214,215,THR,96.66717897634953
0,215,216,GLU,23.133316810708493
0,216,217,THR,59.56628558924422
0,217,218,VAL,69.34110013535246
0,218,219,VAL,50.53782428149134
0,219,220,CYS,22.868700325489044
0,220,221,ALA,57.92575640371069
0,221,222,LEU,109.2199512757361
0,222,223,GLY,7.236854825168848
0,223,224,LEU,74.51067878864706
0,224,225,SER,55.212249932810664
0,225,226,VAL,69.98143473174423
0,226,227,GLY,1.5650367247872055
0,227,228,LEU,113.24780061841011
0,228,229,VAL,92.41583565017208
0,229,230,GLY,5.353503068909049
0,230,231,ILE,46.852141758427024
0,231,232,VAL,83.09499192982912
0,232,233,VAL,53.91980689018965
0,233,234,GLY,0.0
0,234,235,THR,49.696956702973694
0,235,236,VAL,61.469969467725605
0,236,237,PHE,51.951468363404274
0,237,238,ILE,33.11461037956178
0,238,239,ILE,81.87003312632442
0,239,240,ARG,157.01429198961705
0,240,241,GLY,0.4233191430103034
0,241,242,LEU,115.5385009944439
0,242,243,ARG,203.6073146155104
0,243,244,SER,34.70609658397734
0,244,245,VAL,88.75479558482766
0,245,246,GLY,46.9402595423162
0,246,247,ALA,77.37811624538153
0,247,248,SER,69.36629036208615
0,248,249,ARG,225.8933776873164
0,249,250,HIS,177.99363173544407
0,250,251,GLN,176.26828744541854
0,251,252,GLY,39.9214880540967
0,252,253,PRO,144.46657778462395
0,253,254,LEU,248.3251180499792
1,254,1,MET,268.0545637267642
1,255,2,SER,109.00790877640247
1,256,3,TRP,192.399739602115
1,257,4,LYS,228.53289656341076
1,258,5,LYS,165.4010437661782
1,259,6,ALA,107.9297177027911
1,260,7,LEU,166.87073432840407
1,261,8,ARG,243.06615591049194
1,262,9,ILE,164.7182835265994
1,263,10,PRO,117.51756723970175
1,264,11,GLY,73.31511029042304
1,265,12,GLY,87.47449535876513
1,266,13,LEU,140.0938192033209
1,267,14,ARG,161.79398130625486
1,268,15,ALA,100.1698388135992
1,269,16,ALA,63.779977185186
1,270,17,THR,83.55134999728762
1,271,18,VAL,83.04589963518083
1,272,19,THR,54.14901252370328
1,273,20,LEU,97.9326282045804
1,274,21,MET,25.14703525812365
1,275,22,LEU,51.37852016487159
1,276,23,ALA,70.64702990464866
1,277,24,MET,135.42022535111755
1,278,25,LEU,69.88583483034745
1,279,26,SER,86.20804732199758
1,280,27,THR,58.965136762708426
1,281,28,PRO,28.77777307294309
1,282,29,VAL,76.43528330372646
1,283,30,ALA,3.571530058979988
1,284,31,GLU,135.76910782139748
1,285,32,GLY,43.00481379032135
1,286,33,ARG,250.24714739993215
1,287,34,ASP,143.09365508379415
1,288,35,SER,47.201068711001426
1,289,36,PRO,46.807738579809666
1,290,37,GLU,128.42233814299107
1,291,38,ASP,0.26546455919742584
1,292,39,PHE,20.76357053592801
1,293,40,VAL,0.0
1,294,41,TYR,0.0
1,295,42,GLN,0.4001970053650439
1,296,43,PHE,3.320925123989582
1,297,44,LYS,7.465994730591774
1,298,45,ALA,0.0
1,299,46,MET,26.682331692427397
1,300,47,CYS,0.0
1,301,48,TYR,17.728131834883243
1,302,49,PHE,0.0
1,303,50,THR,44.83501302311197
1,304,51,ASN,102.01757330214605
1,305,52,GLY,23.049537790939212
1,306,53,THR,37.82874296884984
1,307,54,GLU,137.59166837553494
1,308,55,ARG,162.73729614913464
1,309,56,VAL,12.764940224587917
1,310,57,ARG,41.51562141487375
1,311,58,TYR,0.11161031434312463
1,312,59,VAL,0.0
1,313,60,THR,1.3646292849443853
1,314,61,ARG,10.256973188370466
1,315,62,TYR,3.2740630209445953
1,316,63,ILE,0.0
1,317,64,TYR,3.2318190904334188
1,318,65,ASN,12.537572113797069
1,319,66,ARG,64.58035930409096
1,320,67,GLU,88.59857538482174
1,321,68,GLU,11.723564937710762
1,322,69,TYR,0.0
1,323,70,ALA,0.0
1,324,71,ARG,36.334090505260974
1,325,72,PHE,0.35395275335758924
1,326,73,ASP,8.392556617036462
1,327,74,SER,15.340653690509498
1,328,75,ASP,91.60135425627232
1,329,76,VAL,62.84450828097761
1,330,77,GLU,92.84578608348966
1,331,78,VAL,48.50722539704293
1,332,79,TYR,7.026569917798042
1,333,80,ARG,152.3144250153564
1,334,81,ALA,44.55046420916915
1,335,82,VAL,69.58081033080816
1,336,83,THR,22.285415569785982
1,337,84,PRO,131.883457058575
1,338,85,LEU,24.86609711777419
1,339,86,GLY,0.0
1,340,87,PRO,51.93484332412481
1,341,88,PRO,57.82988065620884
1,342,89,ASP,2.9727897606790066
1,343,90,ALA,3.828423097729683
1,344,91,GLU,121.5835438692011
1,345,92,TYR,57.2236247244291
1,346,93,TRP,2.1237164735794067
1,347,94,ASN,53.73829176533036
1,348,95,SER,91.53143406147137
1,349,96,GLN,57.8250884427689
1,350,97,LYS,173.83072568336502
1,351,98,GLU,114.28089645924047
1,352,99,VAL,0.26546455919742584
1,353,100,LEU,10.059902648208663
1,354,101,GLU,89.722584921401
1,355,102,ARG,88.361063064076
1,356,103,THR,3.6711394786834717
1,357,104,ARG,107.57197617786005
1,358,105,ALA,44.33268145658076
1,359,106,GLU,4.066398937720805
1,360,107,LEU,25.552404683548957
1,361,108,ASP,76.96589734405279
1,362,109,THR,89.17905580019578
1,363,110,VAL,12.636532634496689
1,364,111,CYS,0.0
1,365,112,ARG,76.34952617809176
1,366,113,HIS,108.9513145503588
1,367,114,ASN,23.674497799947858
1,368,115,TYR,8.923945110291243
1,369,116,GLN,80.54452795768157
1,370,117,LEU,43.43317257007584
1,371,118,GLU,7.82877029851079
1,372,119,LEU,66.68208790943027
1,373,120,ARG,160.36053064162843
1,374,121,THR,3.856116533279419
1,375,122,THR,0.0
1,376,123,LEU,29.006444639526308
1,377,124,GLN,124.52125768177211
1,378,125,ARG,74.9454072676599
1,379,126,ARG,121.93253675941378
1,380,127,VAL,36.8459066725336
1,381,128,GLU,109.97768020024523
1,382,129,PRO,8.035942912101746
1,383,130,THR,79.38853515079245
1,384,131,VAL,17.632669711019844
1,385,132,THR,52.43841087212786
1,386,133,ILE,19.357069209218025
1,387,134,SER,37.31207242235541
1,388,135,PRO,20.765958435367793
1,389,136,SER,28.195647336542606
1,390,137,ARG,104.26825018366799
1,391,138,THR,37.08514287718572
1,392,139,GLU,27.390110585838556
1,393,140,ALA,58.873182721436024
1,394,141,LEU,54.83063237625174
1,395,142,ASN,117.2745558200404
1,396,143,HIS,115.15088786254637
1,397,144,HIS,150.51028709858656
1,398,145,ASN,6.361385993659496
1,399,146,LEU,25.648615742102265
1,400,147,LEU,0.5170537915546447
1,401,148,VAL,19.621863344218582
1,402,149,CYS,0.0
1,403,150,SER,7.408524421043694
1,404,151,VAL,0.0
1,405,152,THR,2.429550583474338
1,406,153,ASP,40.12842035153881
1,407,154,PHE,0.0
1,408,155,TYR,10.238628246588632
1,409,156,PRO,18.671923968940973
1,410,157,ALA,30.1821231842041
1,411,158,GLN,121.14851232618093
1,412,159,ILE,40.560535015538335
1,413,160,LYS,115.08487975224853
1,414,161,VAL,25.759342219680548
1,415,162,ARG,63.33617442287505
1,416,163,TRP,1.6812756657600403
1,417,164,PHE,34.289567871019244
1,418,165,ARG,71.26248946296982
1,419,166,ASN,70.20143922418356
1,420,167,ASP,135.79020481556654
1,421,168,GLN,143.14949358813465
1,422,169,GLU,81.36523766443133
1,423,170,GLU,32.37348427064717
1,424,171,THR,104.02289447374642
1,425,172,THR,109.51963752158917
1,426,173,GLY,32.765047647990286
1,427,174,VAL,47.37713768845424
1,428,175,VAL,47.809801856055856
1,429,176,SER,62.38178191706538
1,430,177,THR,4.071954404935241
1,431,178,PRO,44.53524823184125
1,432,179,LEU,73.54787876829505
1,433,180,ILE,1.9328647991642356
1,434,181,ARG,66.5727078448981
1,435,182,ASN,0.0
1,436,183,GLY,7.031449675559998
1,437,184,ASP,52.39633396267891
1,438,185,TRP,3.069335874170065
1,439,186,THR,8.92343174200505
1,440,187,PHE,9.70163051970303
1,441,188,GLN,7.143060117959976
1,442,189,ILE,17.6535252481699
1,443,190,LEU,37.21805459354073
1,444,191,VAL,4.955338686704636
1,445,192,MET,14.20492617180571
1,446,193,LEU,0.0
1,447,194,GLU,47.77268543839455
1,448,195,MET,13.718811550643295
1,449,196,THR,42.53462280612439
1,450,197,PRO,1.0618583008181304
1,451,198,GLN,93.6039992957376
1,452,199,HIS,89.8229974671267
1,453,200,GLY,62.44059167802334
1,454,201,ASP,7.589501014444977
1,455,202,VAL,35.928645730018616
1,456,203,TYR,0.0
1,457,204,THR,14.79532541707158
1,458,205,CYS,0.0
1,459,206,HIS,26.774812093935907
1,460,207,VAL,0.0
1,461,208,GLU,59.41865290515125
1,462,209,HIS,10.398328898008913
1,463,210,PRO,76.1045475373976
1,464,211,SER,19.404869433492422
1,465,212,LEU,27.188070444390178
1,466,213,GLN,190.867767482996
1,467,214,ASN,116.61356762051582
1,468,215,PRO,57.14321153936908
1,469,216,ILE,43.774818535894156
1,470,217,THR,80.51243940135464
1,471,218,VAL,37.12524673901498
1,472,219,GLU,101.21527997544035
1,473,220,TRP,29.93993314448744
1,474,221,ARG,148.51466933032498
1,475,222,ALA,4.155813972465694
1,476,223,GLN,110.06767092039809
1,477,224,SER,8.001243451144546
1,478,225,GLU,130.31602061819285
1,479,226,SER,53.19882859475911
1,480,227,ALA,1.7185819684527814
1,481,228,GLN,62.53058913280256
1,482,229,SER,61.17423033574596
1,483,230,LYS,74.22369001433253
1,484,231,MET,76.33703564060852
1,485,232,LEU,119.54214092111215
1,486,233,SER,59.27537962561473
1,487,234,GLY,0.0
1,488,235,ILE,85.08859339635819
1,489,236,GLY,37.55122576840222
1,490,237,GLY,13.108859228668734
1,491,238,PHE,81.83634855085984
1,492,239,VAL,68.66526436060667
1,493,240,LEU,88.24700746918097
1,494,241,GLY,0.9690505161415786
1,495,242,LEU,85.72670738212764
1,496,243,ILE,92.74420463480055
1,497,244,PHE,75.29965540161356
1,498,245,LEU,53.97622464224696
1,499,246,GLY,28.768814587965608
1,500,247,LEU,95.5690119182691
1,501,248,GLY,0.0
1,502,249,LEU,84.13615222088993
1,503,250,ILE,101.02571329334751
1,504,251,ILE,53.31733785569668
1,505,252,HIS,40.93131759436801
1,506,253,HIS,123.85141905397177
1,507,254,ARG,205.1405999925919
1,508,255,SER,7.943672768305987
1,509,256,GLN,109.27019607042894
1,510,257,LYS,157.27039023768157
1,511,258,GLY,55.40952607989311
1,512,259,LEU,115.62469617347233
1,513,260,LEU,158.7004380300641
1,514,261,HIS,235.78474558889866
2,515,1,ASP,149.25467835273594
2,516,2,VAL,16.627140692435205
2,517,3,GLN,109.95474820956588
2,518,4,ASP,14.042693749070168
2,519,5,ASP,3.0134784057736397
2,520,6,GLU,78.42063307762146
2,521,7,GLU,29.682012973353267
2,522,8,ARG,0.37938003661110997
2,523,9,GLU,34.199438884388655
2,524,10,LEU,25.959718856029212
